area,t,S,SV,E,EV,I,IV,H,D,R,W,V,t_n,L
nondonor,-1,0,0,0,0,0,0,0,0,0,0,0,77.31590435490794,15
donor,0,96964.62715761298,0.0,1800.0,0.0,1235.3728423870145,0.0,0,0,0,96964.62715761298,0,77.31590435490794,15
donor,1,95041.86672257197,1500.0,1862.7604350410138,0.0,1235.3728423870145,0.0,0,5.04,354.96,73802.65604360614,0,77.31590435490794,15
donor,2,93127.48941715075,2994.768066078111,1904.5856534540276,5.231933921888812,1247.9249293952173,0.0,0,10.08,709.92,71980.88052720611,0,77.31590435490794,15
donor,3,91220.25069906516,4484.291369963345,1930.9072408488012,14.662243252277563,1265.1842564109625,1.0463867843777626,0,15.171209251450845,1068.4865944236094,70166.11416019642,0,77.31590435490794,15
donor,4,89319.74745883587,5968.540716264947,1945.2290329083185,27.480448300219834,1282.678360420004,3.673907861997751,0,20.335240997526306,1432.3148344110882,68358.04927482175,0,77.31590435490794,15
donor,5,87426.01884180612,7447.4928709786955,1949.9118433564095,43.03220392642726,1297.9388659916744,8.099384031976953,0,25.57669305823773,1801.929296850435,66556.72150610821,0,77.31590435490794,15
donor,6,85539.29022736652,8921.137709097162,1946.6580891247177,60.78092502267592,1309.6888697243223,14.345583316504001,0,30.890592075234593,2177.2080042728307,64762.30813774618,0,77.31590435490794,15
donor,7,83659.83482860278,10389.478116338478,1936.7818700635191,80.28433277682583,1317.3640540229012,22.321321886776754,0,36.26680767143438,2557.668668637258,62975.02018628026,0,77.31590435490794,15
donor,8,81787.90864927896,11852.527348659869,1921.3516753746198,101.1782339000689,1320.8273690527913,31.873532031116305,0,41.692697282840875,2942.640494419691,61195.05240127675,0,77.31590435490794,15
donor,9,79923.72600771642,13310.306098205481,1901.2639818622345,123.16383757444228,1320.1954005120413,42.82091284194248,0,47.154706834616896,3331.3690544527767,59422.56498593493,0,77.31590435490794,15
donor,10,78067.45547823465,14762.840144971877,1877.2817149715595,145.99702329315846,1315.7300552212741,54.975238145560475,0,52.639340511370925,3723.081004650507,57657.68108038903,0,77.31590435490794,15
donor,11,76219.22485335771,16210.15880146299,1850.0559968541916,169.4789621434134,1307.7695028235544,68.15430865619439,0,58.13373768662855,4117.023837015279,55900.49106198018,0,77.31590435490794,15
donor,12,74379.12906715769,17652.29406497303,1820.1405836833676,193.44790620469018,1296.6835913765806,82.18925399937547,0,63.62599793005339,4512.489534675168,54151.05896012834,0,77.31590435490794,15
donor,13,72547.23810707769,19089.28029325168,1788.0034270266947,217.7720966851023,1282.8451427502048,96.9280647323555,0,69.10534093214895,4908.82752754408,52409.42871824424,0,77.31590435490794,15
donor,14,70723.60366253578,20521.154213906877,1754.0371861632689,242.34375669288522,1266.6119251067066,112.23667672572023,0,74.56215745284756,5305.450421415874,50675.62937874419,0,77.31590435490794,15
donor,15,68908.26417180964,21947.95511223436,1718.569239656758,267.07410702682625,1248.315981244015,127.99853809965514,0,79.98798921890307,5701.834860709807,48949.67896992778,0,77.31590435490794,15
donor,16,67101.24837148133,23369.72508760275,1681.8711920537194,291.8893102530689,1228.2580690810482,144.11330551739988,0,85.37546428672573,6097.519199723923,47231.58720625636,0,77.31590435490794,15
donor,17,65302.577629000036,24786.509310693724,1644.167696124265,316.7272251114813,1206.7056235808839,160.49510920718816,0,90.71820672252896,6492.099199559853,45521.35723942525,0,77.31590435490794,15
donor,18,63512.26737266115,26198.356246811745,1605.6444132382999,341.5348439711617,1183.8930770380314,177.0706744554177,0,96.01073397349197,6885.222637850663,43818.986714877945,0,77.31590435490794,15
donor,19,61730.32789905449,27605.31783297278,1566.4550041972916,366.26628901589226,1160.0236781060385,193.77747800659677,0,101.24835122102722,7276.583467425834,42124.468355521,0,77.31590435490794,15
donor,20,59956.76477891847,29007.449609870728,1526.7271234938557,390.8812543147691,1135.272178908616,210.56204094387286,0,106.42704891098417,7665.91596463866,40437.790244621414,0,77.31590435490794,15
donor,21,58191.57902139454,30404.810816373512,1486.5674563190137,415.3437969490321,1109.7879379516273,227.37840745537267,0,111.54340731654129,8052.989156240316,38758.935930547676,0,77.31590435490794,15
donor,22,56434.7671045127,31797.464456236947,1446.0658819370467,439.62139769579005,1083.6981262169463,244.18682512860892,0,116.59451025808097,8437.60169801383,37087.884434781176,0,77.31590435490794,15
donor,23,54686.32093971606,33185.4773461666,1405.2988703462765,463.6842282269819,1057.1108316434752,260.952621957039,0,121.57786886494804,8819.577293078572,35424.610213569664,0,77.31590435490794,15
donor,24,52946.227809928,34568.92015259221,1364.3322260650812,487.5045761559723,1030.1179382635053,277.6452640379347,0,126.49135541739675,9198.760677539849,33769.08310200782,0,77.31590435490794,15
donor,25,51214.47030202565,35947.86742242679,1323.2232887544226,511.056391090202,1002.7977150871534,294.2375728758346,0,131.3331467653549,9575.014160974553,32121.26825536824,0,77.31590435490794,15
donor,26,49491.02624315999,37322.39761114786,1282.0226898691974,534.3149241510877,975.2170906844904,310.70507998212804,0,136.10167650728738,9948.214684497914,30481.12609412815,0,77.31590435490794,15
donor,27,47775.86864392802,38692.59310997399,1240.7757511273282,557.2564404947441,947.4336162619625,327.02549745475363,0,140.79559496296147,10318.251345796198,28848.61225454686,0,77.31590435490794,15
donor,28,46068.965648183286,40058.54027276027,1199.5235966466003,579.8579896095173,919.4971363725297,343.1782853404127,0,145.41373593625505,10685.023335151092,27223.67754445232,0,77.31590435490794,15
donor,29,44370.28048798176,41420.32944246182,1158.3040375188025,602.09722198606,891.4511951915308,359.14429913126645,0,149.9550892980348,11048.43822643068,25606.26790310068,0,77.31590435490794,15
donor,30,42679.77144193094,42778.054976537154,1117.1522760658604,623.9522435135138,863.3342099045274,374.9055033186361,0,154.41877849476325,11408.410570234559,23996.324363923308,0,77.31590435490794,15
donor,31,40997.39179549331,44131.81527040329,1076.101467290319,645.4015009446714,835.1804430094211,390.44473929925505,0,158.80404218478358,11764.860741374901,22393.783019266637,0,77.31590435490794,15
donor,32,39323.08980226959,45481.71277794068,1035.1831670559757,666.4236932183508,807.0208035701095,405.74553800899344,0,163.11021930703248,12117.713998629222,20798.574986630112,0,77.31590435490794,15
donor,33,37656.80864577941,46827.854028022535,994.4276901349599,686.9977044928246,778.883504612939,420.7919694214628,0,167.33673698731607,12466.899720548507,19210.626376296725,0,77.31590435490794,15
donor,34,35998.48640168726,48170.34963607099,953.8643962001219,707.1025555458021,750.7946005606743,435.56852251091925,0,171.48310078011764,12812.35078664407,17629.858260577705,0,77.31590435490794,15
donor,35,34348.056000762,49509.314309694055,913.521917885361,726.7173708135782,722.7784252513126,450.0600104751727,0,175.5488868266538,13154.003078291827,16056.186645143618,0,77.31590435490794,15
donor,36,32705.44519310903,50844.86684751701,873.4283419612605,745.8213588279048,694.8579479258998,464.2514969853182,0,179.5337355817439,13491.795078091793,14489.522443092706,0,77.31590435490794,15
donor,37,31070.57651438749,52177.13013037996,833.6113522905489,764.393804199374,667.0550617130654,478.1282400144076,0,183.4373468232334,13825.667550191882,12929.771452526225,0,77.31590435490794,15
donor,38,29443.367254837078,53506.23110412526,794.0983413828498,782.4140696141951,639.3908166373708,491.6756504316839,0,187.2594757090452,14155.563287262472,11376.834338473313,0,77.31590435490794,15
donor,39,27823.729432005606,54832.30075324357,754.9164959377543,799.861606573044,611.8856070376445,504.87926306222585,0,190.9999296895225,14481.426912450588,9830.606620047334,0,77.31590435490794,15
donor,40,26211.569768102487,56155.47406468487,716.0928606533236,816.7159738171384,584.5593214783553,517.7247183278714,0,194.65856611776508,14803.204726818149,8290.978663731745,0,77.31590435490794,15
donor,41,24606.78967291546,57475.88998117285,677.6543837096838,832.9568625657346,557.4314617370125,530.1977529233741,0,198.2352904292998,15120.844594546546,6757.835683694106,0,77.31590435490794,15
donor,42,23009.285233225248,58793.691343388615,639.6279466579585,848.5641278368234,530.5212362141664,542.2841982571206,0,201.73005478572404,15434.295859634305,5231.057750017435,0,77.31590435490794,15
donor,43,21418.94720964114,60109.024820414445,602.0403809104728,863.5178252436257,503.8476321005878,553.9699856103778,0,205.1428570958479,15743.50928898346,3710.519805722298,0,77.31590435490794,15
donor,44,19835.60187531372,61421.90799452311,564.9776390557986,877.9310860862358,477.4294698122501,565.2411571523827,0,208.47374034313702,16048.437037713322,2196.081443709937,0,77.31590435490794,15
donor,45,18259.182746416234,62732.59954868242,528.4012401421264,891.6533147096862,451.297275825422,576.110448763854,0,211.72279216059448,16349.032633299628,687.6207661882172,0,77.31590435490794,15
donor,46,17504.564156174678,63226.24625425378,492.3406146821845,904.674913869459,425.46498470556105,586.5567658315165,0,214.89025404107724,16645.262056441705,0.0,0,77.31590435490794,15
donor,47,17438.538834974755,63035.46020874211,459.8978129456687,914.5259766072397,399.9483564489504,596.563241474446,0,217.9763757641145,16937.089193042677,0.0,0,77.31590435490794,15
donor,48,17373.497406199058,62847.37489107605,432.95967913223205,919.7060989518517,375.3789684852955,605.6239425978257,0,220.98143257601828,17224.47758098163,0.0,0,77.31590435490794,15
donor,49,17309.440706459663,62661.99849489365,410.42444304518114,921.1412753438843,352.58171910544195,613.0802892757637,0,223.9071116664947,17507.425960209886,0.0,0,77.31590435490794,15
donor,50,17246.35480226518,62479.29640066788,391.42545863062855,919.6151145008786,331.9207689499613,618.6508172466902,0,226.75694945327098,17785.97968828548,0.0,0,77.31590435490794,15
donor,51,17184.217201349013,62299.20901966339,375.2779678206725,915.7794726051972,313.4808293963788,622.2928054930079,0,229.53532006495237,18060.207383607365,0.0,0,77.31590435490794,15
donor,52,17123.000529109046,62121.66236905115,361.4390464965034,910.1702286963923,297.1849744661145,624.1063535653299,0,232.24684488081883,18330.189653734615,0.0,0,77.31590435490794,15
donor,53,17062.674634142906,61946.57413622296,349.4771321633411,903.2244157853017,282.87011035624477,624.2695668121355,0,234.89606188523774,18596.01394263184,0.0,0,77.31590435490794,15
donor,54,17003.20771787318,61773.8569360727,339.0486220003961,895.2967327784988,270.33435792999967,622.9960555044714,0,237.48725370553385,18857.772324135178,0.0,0,77.31590435490794,15
donor,55,16944.566855636036,61603.419814110704,329.87975983746276,886.6745081847962,259.36594708569766,620.5081215256132,0,240.02437111517818,19115.560622504472,0.0,0,77.31590435490794,15
donor,56,16886.718133736882,61435.16863926628,321.75252976912475,877.590781392263,249.76006841294702,617.0207514687935,0,242.51101269052245,19369.47808326315,0.0,0,77.31590435490794,15
donor,57,16829.626537114123,61269.00577263339,314.4936204380599,868.2354917467039,241.32799283055508,612.732890561725,0,244.9504363677951,19619.627258307617,0.0,0,77.31590435490794,15
donor,58,16773.255665993318,61104.829236903744,307.965767471252,858.7649291270103,233.901326527415,607.8234972724734,0,247.3455881172105,19866.113988587545,0.0,0,77.31590435490794,15
donor,59,16717.567324944146,60942.5315106635,302.06095502617393,849.3096695418463,227.33329445831137,602.450637757704,0,249.6991388932848,20109.047468714998,0.0,0,77.31590435490794,15
donor,60,16662.521006206192,60781.99800963296,296.69508275889393,839.9812366640186,221.4982901254496,596.7524313171007,0,252.01352473677505,20348.540418558576,0.0,0,77.31590435490794,15
donor,61,16608.073276064202,60623.1052791086,291.8037963491064,830.8777198555765,216.29048995177112,590.849052639788,0,254.29098721641137,20584.709398814513,0.0,0,77.31590435490794,15
donor,62,16554.177065377287,60465.718899590305,287.3392477661999,822.0885554027554,211.62203754474675,584.8452741811427,0,256.5336128270823,20817.67530731045,0.0,0,77.31590435490794,15
donor,63,16500.78086130978,60309.69109572181,283.26760228046834,813.6986481906919,207.42110913707205,578.8332239125671,0,258.74337083319324,21047.56408861438,0.0,0,77.31590435490794,15
donor,64,16447.827795921792,60154.85803452485,279.5671472123629,805.7919797495194,203.63004417953155,572.8951637703442,0,260.9221495682489,21274.50768507332,0.0,0,77.31590435490794,15
donor,65,16395.254628169245,60001.03680138358,276.22688552243966,798.4548169408822,200.20364244764684,567.1061800459321,0,263.071791504117,21498.645253986124,0.0,0,77.31590435490794,15
donor,66,16342.990619042132,59848.02205138948,273.24551754506575,791.7786035468133,197.10767610646602,561.5367315069234,0,265.19412756658113,21720.124673296512,0.0,0,77.31590435490794,15
donor,67,16290.956305316158,59695.58235033881,270.6307277620247,785.8625838881226,194.31763172129388,556.2550332878535,0,267.29101124663435,21939.104356439075,0.0,0,77.31590435490794,15
donor,68,16239.062186162775,59543.456245260095,268.39870136300254,780.8161721892109,191.81767621379657,551.3292708150645,0,269.36435306755124,22155.755394928474,0.0,0,77.31590435490794,15
donor,69,16187.207349181785,59391.34814042071,266.57379807139154,776.7610425907521,189.5998274609346,546.8296424446887,0,271.4161559300926,22370.264043899613,0.0,0,77.31590435490794,15
donor,70,16135.278078736963,59238.92410269083,265.1883089019353,773.8328718024887,187.66330135482193,542.8302248580324,0,273.448551776406,22582.834559878498,0.0,0,77.31590435490794,15
donor,71,16083.146509945855,59085.8077804607,264.2822159126562,772.1826196721138,186.01400048740032,539.4106433926509,0,275.4638398844998,22793.692390244094,0.0,0,77.31590435490794,15
donor,72,16030.66941587332,58931.576691844835,263.9028668026581,771.9771843535608,184.66410378789823,536.6575117360212,0,277.46452692201757,23003.08769867966,0.0,0,77.31590435490794,15
donor,73,15977.687242026885,58775.759216712315,264.10446728856226,773.3992226153698,183.63171066359843,534.6655831117394,0,279.4533686402157,23211.299188941288,0.0,0,77.31590435490794,15
donor,74,15924.023528440855,58617.83270529028,264.9472874168782,776.645889514328,182.94048731683165,533.5385300602213,0,281.43341276631764,23418.638159194255,0.0,0,77.31590435490794,15
donor,75,15869.484881152575,58457.22318109523,266.49647722178304,781.9262358065212,182.61925739120937,533.3892449182378,0,283.4080422480979,23625.452680166323,0.0,0,77.31590435490794,15
donor,76,15813.861665849585,58293.30715053124,268.8203970804184,789.4570192092012,182.70147503919364,534.3395322179183,0,285.38101752015393,23832.131742552265,0.0,0,77.31590435490794,15
donor,77,15756.929590101392,58125.41601560504,271.9883934125277,799.4567502935588,183.2245176141059,536.519052976135,0,287.35651591229094,24039.109164084923,0.0,0,77.31590435490794,15
donor,78,15698.452310557072,57952.84350106593,276.0679942743423,812.1379147739599,184.22873961868484,540.0633858070712,0,289.33916574188135,24246.866988161037,0.0,0,77.31590435490794,15
donor,79,15638.185144087345,57774.85634169104,281.12156188920056,827.6974911940565,185.75624146127234,545.1110975038246,0,291.3340720829918,24455.938050090244,0.0,0,77.31590435490794,15
donor,80,15575.879878417349,57590.708232930425,287.20251518135836,846.3061017158597,187.84932751488307,551.7997708190463,0,293.3468307684273,24666.90734265263,0.0,0,77.31590435490794,15
donor,81,15511.290576409741,57399.65675200353,294.35131415269433,868.0963622995794,190.54865802004267,560.2610199478399,0,295.3835269564565,24880.41179021009,0.0,0,77.31590435490794,15
donor,82,15444.180163353398,57200.98264916504,302.5914643784997,893.1511926781626,193.8911364169609,570.6146285847558,0,297.45071468272886,25097.13805074044,0.0,0,77.31590435490794,15
donor,83,15374.327496343434,56994.01064281065,311.92583851276333,921.4929604969161,197.90761322939426,582.9620582045046,0,299.5553742980501,25317.81801610427,0.0,0,77.31590435490794,15
donor,84,15301.534555131364,56778.13067448559,322.3336120222814,953.074336722598,202.62052336076914,597.3796769225131,0,301.70484559375944,25543.22177576111,0.0,0,77.31590435490794,15
donor,85,15225.633373196333,56552.81851585324,333.76807155285564,987.7716280104225,208.04159905266368,613.9121326150432,0,303.906735699786,25774.147944019634,0.0,0,77.31590435490794,15
donor,86,15146.492344265349,56317.654663600195,346.1554861732693,1025.3811546613913,214.16981098329808,632.566323651778,0,306.1688023961714,26011.411414268536,0.0,0,77.31590435490794,15
donor,87,15064.02158216536,56072.34057797695,359.3951510386046,1065.6190093523553,220.98968359930905,653.3064022086916,0,308.49881514459776,26255.82877851412,0.0,0,77.31590435490794,15
donor,88,14978.177066386557,55816.71147392949,373.3606366096875,1108.1243115293412,228.4701101093553,676.0501854115278,0,310.9043977438395,26508.201818280184,0.0,0,77.31590435490794,15
donor,89,14888.96336097993,55550.74502783229,387.9022146943771,1152.465895320677,236.56376264432555,700.6672631866227,0,313.39285788865016,26769.299617453114,0.0,0,77.31590435490794,15
donor,90,14796.434746825384,55274.56550730779,402.85038591004684,1198.1522367810392,245.20715951101806,726.9789950855443,0,315.97100996626585,27039.839958612898,0.0,0,77.31590435490794,15
donor,91,14700.694660818948,54988.442978675084,418.02039473447354,1244.6443180575316,254.32141833992165,754.7604934838736,0,318.6449981199766,27320.47073777017,0.0,0,77.31590435490794,15
donor,92,14601.893397883516,54692.78742015913,433.21757872301146,1291.371012961977,263.8136927683798,783.7446016892443,0,321.4201269509432,27611.75216886378,0.0,0,77.31590435490794,15
donor,93,14500.224109392484,54388.137789808876,448.24335146944054,1337.7464407198368,273.5792603033485,813.6277899033769,0,324.30070723946636,27914.140551163153,0.0,0,77.31590435490794,15
donor,94,14395.917225781252,54075.14637033979,462.901564786786,1383.1885720449586,283.50419835223784,844.0778037916011,0,327.2899237575167,28227.974341145844,0.0,0,77.31590435490794,15
donor,95,14289.233535989868,53754.55902322915,477.00494162081156,1427.1382047466054,293.4685528677694,874.7428053976823,0,330.38973160684526,28553.46320454125,0.0,0,77.31590435490794,15
donor,96,14180.456259955667,53427.19229693195,490.38122933084946,1469.0772900944871,303.34987020073504,905.2616454260647,0,333.6007865279974,28890.680621532232,0.0,0,77.31590435490794,15
donor,97,14069.88253720651,53093.90860337467,502.878706213836,1508.5455256328682,313.02693039170873,935.2748073513526,0,336.9224132665897,29239.56047656245,0.0,0,77.31590435490794,15
donor,98,13957.814809368405,52755.590856457326,514.3706928091736,1545.1541674236369,322.38349384902807,964.4354808676685,0,340.352614365307,29599.897884859438,0.0,0,77.31590435490794,15
donor,99,13844.552585502868,52413.11801965011,524.7587781128765,1578.596170746129,331.3118584683175,992.4201708727486,0,343.88811973399186,29971.354296912945,0.0,0,77.31590435490794,15
donor,100,13730.385041592175,52067.342919094204,533.9745664009939,1608.6520371528088,339.7160254146404,1018.9382430279467,0,347.5244751552122,30353.466692162005,0.0,0,77.31590435490794,15
donor,101,13615.584822140741,51719.07344957774,541.9798725722293,1635.191099238709,347.5142917287588,1043.7398570577345,0,351.25616568060343,30745.660442003467,0.0,0,77.31590435490794,15
donor,102,13500.403293386815,51369.05796226812,548.7654268117093,1658.1683667005943,354.64112649052703,1066.6218451602817,0,355.07676786792797,31147.265211314014,0.0,0,77.31590435490794,15
donor,103,13385.067360344765,51017.975221949004,554.348274491418,1677.617433679594,361.0482411822644,1087.431246602243,0,358.97912320531185,31557.53309854539,0.0,0,77.31590435490794,15
donor,104,13269.777822632865,50666.428913216245,558.7681573050342,1693.6402556764333,366.7048281176243,1106.066393765802,0,362.95552403941446,31975.658105246574,0.0,0,77.31590435490794,15
donor,105,13154.70912442827,50314.94631294086,562.0832240486235,1706.3948048165296,371.5970056168742,1122.4756370937962,0,366.99790297655665,32400.79598807848,0.0,0,77.31590435490794,15
donor,106,13040.01026521658,49963.980471655945,564.3654384505876,1716.0816851381414,375.72656701978553,1136.653972651599,0,371.09801708495553,32832.0835827824,0.0,0,77.31590435490794,15
donor,107,12925.806587204175,49613.9150823227,565.6960287728755,1722.930737443753,379.10917581466737,1148.6379755088246,0,375.24761922943503,33268.65679370356,0.0,0,77.31590435490794,15
donor,108,12812.20214248913,49265.07116391555,566.1612677333464,1727.1885083621619,381.7721766450902,1158.4995305545485,0,379.43861037867305,33709.6665999215,0.0,0,77.31590435490794,15
donor,109,12699.282362747674,48917.71473460491,565.8487939281332,1729.1072360003732,383.75220019561374,1166.33888402808,0,383.66316854939043,34154.29261994582,0.0,0,77.31590435490794,15
donor,110,12587.11679698822,48572.06476843284,564.8446009019598,1728.9357549723609,385.09273032223655,1172.2775170335317,0,387.913851982754,34601.75397936609,0.0,0,77.31590435490794,15
donor,111,12475.76173823675,48228.30088901841,563.2307394730395,1726.9124833923265,385.8417779594255,1176.4512767892625,0,392.1836759891449,35051.31741914165,0.0,0,77.31590435490794,15
donor,112,12365.262618028046,47886.570424508885,561.0837117871368,1723.260451223386,386.0497733388772,1179.0041068985688,0,396.46616449025345,35502.302749724855,0.0,0,77.31590435490794,15
donor,113,12255.65610070698,47546.994606489265,558.4734867507766,1718.1841789983323,385.76775124762236,1180.0826103519341,0,400.7553785281864,35954.085886926914,0.0,0,77.31590435490794,15
donor,114,12146.971853070247,47209.673827007144,555.4630370373538,1711.8681226807842,385.045868206708,1179.8315726689434,0,405.0459248541743,36406.099794474656,0.0,0,77.31590435490794,15
donor,115,12039.233996839308,46874.691965650614,552.1082858608211,1704.476359501158,383.93225916006196,1178.3904786136434,0,409.3329481614045,36857.833706212994,0.0,0,77.31590435490794,15
donor,116,11932.462272074094,46542.119862785956,548.4583534538729,1696.1531904655885,382.4722166903925,1175.890981141073,0,413.61211063443534,37308.8310127546,0.0,0,77.31590435490794,15
donor,117,11826.672950551772,46212.018050085135,544.5560042854205,1687.0243650732887,380.70765871541977,1172.4552284198708,0,417.8795623231889,37758.68618054592,0.0,0,77.31590435490794,15
donor,118,11721.879541647417,45884.43886198611,540.4382123326923,1677.1986801576547,378.6768407462434,1168.194923320694,0,422.1319054938558,38207.04103431534,0.0,0,77.31590435490794,15
donor,119,11618.093331743887,45559.42804875494,536.1367797696835,1666.7697573572914,376.414265050919,1163.2109767473414,0,426.36615564070047,38653.580684935245,0.0,0,77.31590435490794,15
donor,120,11515.323793752073,45237.02599960294,531.6789618075588,1655.8178550378316,373.9507400263674,1157.5936174848568,0,430.5797013291974,39098.02933095918,0.0,0,77.31590435490794,15
donor,121,11413.57889755319,44917.268667747594,527.0880656449292,1644.411615885615,371.31354723679544,1151.422832421161,0,434.7702645342755,39540.14610897644,0.0,0,77.31590435490794,15
donor,122,11312.865346195009,44600.188271812665,522.384003874125,1632.6096886434243,368.5266795655067,1144.7690280024335,0,438.93586267348655,39979.72111923335,0.0,0,77.31590435490794,15
donor,123,11213.18875715682,44285.813831643754,517.5837921374891,1620.462191083645,365.6111206481474,1137.693823280929,0,443.0747731345336,40416.57171091468,0.0,0,77.31590435490794,15
donor,124,11114.553803277271,43974.17158254564,512.7019875895406,1608.012001965026,362.5851424075686,1130.2509044553626,0,447.1855007685208,40850.53907699106,0.0,0,77.31590435490794,15
donor,125,11016.964324115697,43665.285300486394,507.7510692332062,1595.2958836312732,359.4646035764871,1122.4868887810305,0,451.2667485643386,41281.48518161157,0.0,0,77.31590435490794,15
donor,126,10920.42341555014,43359.176561878194,502.74176395212265,1582.3454455132187,356.26323729490423,1114.442161247605,0,455.31739152978525,41709.290023034024,0.0,0,77.31590435490794,15
donor,127,10824.933503190374,43055.86495482166,497.6833235214641,1569.187963467107,352.9929201052207,1106.1516601410842,0,459.33645367215917,42133.84922108092,0.0,0,77.31590435490794,15
donor,128,10730.496403563055,42755.368253787485,492.5837584444897,1555.8470718078665,349.6639179616511,1097.6455975527922,0,463.3230878847548,42555.0719089979,0.0,0,77.31590435490794,15
donor,129,10637.113375872084,42457.70256620529,487.45003444656163,1542.3433450284856,346.28510731734434,1088.9501083315063,0,467.27655849572426,42972.878904303,0.0,0,77.31590435490794,15
donor,130,10544.78516633118,42162.88245697905,482.2882370981549,1528.6947852490225,342.8641710833093,1080.087826268319,0,471.19622621289534,43387.201130778056,0.0,0,77.31590435490794,15
donor,131,10453.512046510294,41870.92105525966,477.1037094994112,1514.9172299186066,339.40777040755313,1071.0783898652726,0,475.08153519450826,43797.97826334468,0.0,0,77.31590435490794,15
donor,132,10363.293846758148,41581.83014665306,471.90116735167385,1501.0246925414913,335.9216939329703,1061.9388822583549,0,478.9320019851168,44205.15756851918,0.0,0,77.31590435490794,15
donor,133,10274.129985504353,41295.620253258225,466.68479513513455,1487.029647428033,332.4109865742982,1052.684211087746,0,482.74720607318625,44608.69291493902,0.0,0,77.31590435490794,15
donor,134,10186.01949506691,41012.300703393346,461.4583265455507,1472.9432678073094,328.8800600037089,1043.3274346202725,0,486.52678184858223,45008.543930714324,0.0,0,77.31590435490794,15
donor,135,10098.961044467042,40731.87969249679,456.22511183630877,1458.7756251423993,325.3327870271382,1033.8800404590406,0,490.27041176159105,45404.675286809696,0.0,0,77.31590435490794,15
donor,136,10012.952959664593,40454.364336425606,450.9881742714946,1444.5358561851033,321.77258192682154,1024.3521828973514,0,493.97782050859945,45797.05608812043,0.0,0,77.31590435490794,15
donor,137,9927.993241561731,40179.760718180434,445.7502575200579,1430.2323031932508,318.2024686818254,1014.7528845162549,0,497.64877009197266,46185.65935625447,0.0,0,77.31590435490794,15
donor,138,9844.079582072269,39908.07392893818,440.51386550550774,1415.8726317968585,314.6251387872662,1005.0902070780231,0,501.28305562236,46570.46159019954,0.0,0,77.31590435490794,15
donor,139,9761.20937851381,39639.30810415634,435.28129596286567,1401.463930219327,311.0430001943705,995.3713961927881,0,504.8805017503083,46951.4423930102,0.0,0,77.31590435490794,15
donor,140,9679.379746546709,39373.466455416914,430.05466873739334,1387.012792914892,307.4582187003021,985.6030036721131,0,508.4409596305812,47328.58415438111,0.0,0,77.31590435490794,15
donor,141,9598.587531855865,39110.551298596154,424.83594968075903,1372.5253911526763,303.8727529363257,975.790990955001,0,511.96430433701227,47701.87178048623,0.0,0,77.31590435490794,15
donor,142,9518.829320747096,38850.564078876494,419.6269708533748,1358.0075326417984,300.28838393930283,965.9408165113393,0,515.4504326582028,48071.292463772406,0.0,0,77.31590435490794,15
donor,143,9440.101449808777,38593.50539305544,414.42944762101934,1343.4647119344922,296.70674014622557,956.0575097001297,0,518.8992612150779,48436.83548651885,0.0,0,77.31590435490794,15
donor,144,9362.40001477077,38339.37500955214,409.2449931348227,1328.902153050896,293.12931852441784,946.1457331853132,0,522.3107248504456,48798.492052931215,0.0,0,77.31590435490794,15
donor,145,9285.72087867635,38088.17188646452,404.07513060227944,1314.3248455283374,289.5575024401818,936.2098356879603,0,525.6847752484518,49156.25514535194,0.0,0,77.31590435490794,15
donor,146,9210.05967946825,37839.89418798734,398.92130368992275,1299.7375748998534,285.9925767745443,926.2538965757992,0,529.0213797483781,49510.11940085594,0.0,0,77.31590435490794,15
donor,147,9135.4118370772,37594.539299463795,393.7848853429878,1285.1449484434245,282.4357407146589,916.2817635546162,0,532.3205203227574,49860.08100508058,0.0,0,77.31590435490794,15
donor,148,9061.772560089936,37352.10384131,388.66718526165386,1270.551416908536,278.8881185815977,906.2970845258503,0,535.5821926944485,50206.137600628,0.0,0,77.31590435490794,15
donor,149,8989.13685206372,37112.58368202185,383.5694562355378,1255.9612928149866,275.35076899806506,896.3033345058795,0,538.8064055712239,50548.28820778876,0.0,0,77.31590435490794,15
donor,150,8917.49951754555,36875.9739504477,378.49289950660136,1241.378765826139,271.82469265144647,886.3038383605185,0,541.9931799797321,50886.53315568234,0.0,0,77.31590435490794,15
donor,151,8846.855167846452,36642.26904748698,373.4386693043783,1226.8079156216236,268.3108388672087,876.3017899891075,0,545.1425486834693,51220.87402220079,0.0,0,77.31590435490794,15
donor,152,8777.198226614453,36411.46265735419,368.4078766755008,1212.2527226300929,264.8101111737911,866.3002684927064,0,548.2545556717332,51551.31358138754,0.0,0,77.31590435490794,15
donor,153,8708.52293524371,36183.547758529516,363.40159271114305,1197.7170769287509,261.32337201173675,856.3022517772654,0,551.3292557085009,51877.85575708938,0.0,0,77.31590435490794,15
donor,154,8640.82335815203,35958.51663450131,358.420851260595,1183.2047855712015,257.8514467160251,846.3106279726027,0,554.3667139318363,52200.5055818944,0.0,0,77.31590435490794,15
donor,155,8574.09338795429,35736.36088439109,353.46665120621685,1168.7195785671834,254.39512688062723,836.3282049893468,0,557.3670054958318,52519.26916051542,0.0,0,77.31590435490794,15
donor,156,8508.326750555161,35517.07143353906,348.5399583641027,1154.265113705779,250.955173197587,826.3577184868378,0,560.3302152482778,52834.1536369032,0.0,0,77.31590435490794,15
donor,157,8443.517010180896,35300.63854411702,343.6417070655466,1139.8449803866638,247.53231784889869,816.4018384837441,0,563.2564374382586,53145.167164478975,0.0,0,77.31590435490794,15
donor,158,8379.657574366738,35087.05182582523,338.7728014665944,1125.4627026011208,244.12726651766042,806.463174808529,0,566.1457754487245,53452.31887896541,0.0,0,77.31590435490794,15
donor,159,8316.741698913684,34876.300246720966,333.93411662632866,1111.1217411851555,240.74070007506788,796.5442815577996,0,568.9983415498178,53755.61887337118,0.0,0,77.31590435490794,15
donor,160,8254.76249282585,34668.37214421851,329.1264993888969,1096.825495450578,237.37327599145806,786.6476607060723,0,571.8142566693432,54055.078174749295,0.0,0,77.31590435490794,15
donor,161,8193.712923237481,34463.25523629309,324.35076909948776,1082.5773042858846,234.02562951256664,776.7757649898313,0,574.5936501773068,54350.70872240436,0.0,0,77.31590435490794,15
donor,162,8133.585820336716,34260.93663291501,319.607718180355,1068.3804468067876,230.69837463620712,766.9310001713213,0,577.3366596818923,54642.523347271715,0.0,0,77.31590435490794,15
donor,163,8074.373882291523,34061.40284773444,314.8981125894771,1054.2381426259956,227.39210491954097,757.1157267727541,0,580.043430834634,54930.53575223163,0.0,0,77.31590435490794,15
donor,164,8016.06968018168,33864.639810032204,310.22269218142475,1040.1535518030323,224.10739414283293,747.3322613591049,0,582.7141171428754,55214.76049315685,0.0,0,77.31590435490794,15
donor,165,7958.665662939401,33670.632876947304,305.58217098741875,1026.1297745273284,220.84479685195492,737.5828774370545,0,585.3488797878886,55495.212960521654,0.0,0,77.31590435490794,15
donor,166,7902.15416230001,33479.36684598788,300.9772374293252,1012.1698505812808,217.60484879881048,727.8698060285881,0,587.9478874472774,55771.90936142683,0.0,0,77.31590435490794,15
donor,167,7846.527397763066,33290.82596782858,296.4085544804048,998.2767586243241,214.38806729621416,718.1952359700534,0,590.5113161204966,56044.866701916864,0.0,0,77.31590435490794,15
donor,168,7791.777481563429,33104.993959393876,291.87675978396015,984.4534153341621,211.19495150150536,708.561313980885,0,593.0393489565085,56314.10276948568,0.0,0,77.31590435490794,15
donor,169,7737.8964236510255,32921.85401722418,287.3824657395719,970.7026744370303,208.0259826412437,698.9701445405476,0,595.532176082754,56579.636115683665,0.0,0,77.31590435490794,15
donor,170,7684.876136677334,32741.388831118664,282.9262595653493,957.0273256551378,204.88162418767325,689.4237896073927,0,597.9899944347573,56841.48603875371,0.0,0,77.31590435490794,15
donor,171,7632.708440986099,32563.580598046614,278.5087033435142,943.4300935961593,201.76232199621325,679.9242682089299,0,600.4130075858037,57099.67256623669,0.0,0,77.31590435490794,15
donor,172,7581.3850696052405,32388.411036316764,274.1303340556699,929.9136366067762,198.66850441199955,670.4735559293974,0,602.8014255762348,57354.21643749794,0.0,0,77.31590435490794,15
donor,173,7530.89767323652,32215.861399992467,269.79166361325633,916.4805456097193,195.60058235243272,661.0735843173669,0,605.1554647419983,57605.13908613627,0.0,0,77.31590435490794,15
donor,174,7481.237825239184,32045.91249353873,265.49317888794195,903.1333429415098,192.55894937176157,651.7262402333869,0,607.4753475421717,57852.462622245344,0.0,0,77.31590435490794,15
donor,175,7432.397026603495,31878.544686685855,261.23534174604293,889.8744812060861,189.5439817129249,642.4333651552776,0,609.7613023852463,58096.209814505106,0.0,0,77.31590435490794,15
donor,176,7384.366710909856,31713.737929493014,257.0185890904732,876.7063421577099,186.55603835117006,633.1967544565953,0,612.013563454025,58336.40407208719,0.0,0,77.31590435490794,15
donor,177,7337.138249269027,31551.47176759426,252.8433329132077,863.6312356249256,183.5954610333502,624.0181566719408,0,614.2323705290357,58573.069426364294,0.0,0,77.31590435490794,15
donor,178,7290.702955238813,31391.725357608302,248.70996036077983,850.651398485898,180.66257431626315,614.8992727611557,0,616.4179688104144,58806.23051241841,0.0,0,77.31590435490794,15
donor,179,7245.052089712519,31234.477482692888,244.61883381491808,837.7689937041322,177.75768560691685,605.8417553830068,0,618.5706087382506,59035.912550347406,0.0,0,77.31590435490794,15
donor,180,7200.176865774394,31079.706568223806,240.57029099005942,824.9861094323866,174.88108520718882,596.8472081876712,0,620.6905458114242,59262.14132637311,0.0,0,77.31590435490794,15
nondonor,0,99359.19971919972,0.0,360.0,0.0,280.80028080028075,0.0,0,0,0,99359.19971919972,1500,77.31590435490794,15
nondonor,1,99207.46787898836,0.0,439.7318402113621,0.0,280.80028080028075,0.0,0,1.008,70.99199999999999,77381.82494561092,1500,77.31590435490794,15
nondonor,2,99055.96774909068,0.0,503.28560206677184,0.0,296.74664884255316,0.0,0,2.016,141.98399999999998,77263.65484429072,1500,77.31590435490794,15
nondonor,3,98897.04604467924,0.0,561.5501860648461,0.0,321.3149610261885,0.0,0,3.081243315216067,217.00756491450298,77139.69591484981,1500,77.31590435490794,15
nondonor,4,98726.80435732099,0.0,619.4818362101422,0.0,351.2366290824327,0.0,0,4.234680483410218,298.24249690303384,77006.90739871038,1500,77.31590435490794,15
nondonor,5,98543.10483038196,0.0,679.2849959071453,0.0,385.0724122614346,0.0,0,5.49552866029259,387.04223278917806,76863.62176769793,1500,77.31590435490794,15
nondonor,6,98344.65153733252,0.0,741.8812897751535,0.0,422.19299421490916,0.0,0,6.877838501483952,484.39634017594113,76708.82819911937,1500,77.31590435490794,15
nondonor,7,98130.58826327551,0.0,807.5683058771452,0.0,462.31474652329496,0.0,0,8.393401580536981,591.135282743533,76541.85884535489,1500,77.31590435490794,15
nondonor,8,97900.33282285725,0.0,876.3100851199806,0.0,505.28628354268596,0.0,0,10.052991318721514,708.0178171613866,76362.25960182864,1500,77.31590435490794,15
nondonor,9,97653.51734673641,0.0,947.8635442168207,0.0,550.987844603502,0.0,0,11.866837702206036,835.7644267410822,76169.74353045439,1500,77.31590435490794,15
nondonor,10,97389.9747353743,0.0,1021.8334467355589,0.0,599.2817602120822,0.0,0,13.844740807493011,975.0653168705792,75964.18029359194,1500,77.31590435490794,15
nondonor,11,97109.74352629452,0.0,1097.697966468228,0.0,649.986613423214,0.0,0,15.99600651339673,1126.5758873006555,75745.59995050971,1500,77.31590435490794,15
nondonor,12,96813.07767974443,0.0,1174.8242197246773,0.0,702.8631391690133,0.0,0,18.32928945906658,1290.905671902832,75514.20059020065,1500,77.31590435490794,15
nondonor,13,96500.45415107154,0.0,1252.4829044526384,0.0,757.6068455996219,0.0,0,20.852385384267155,1468.6037134919582,75270.3542378358,1500,77.31590435490794,15
nondonor,14,96172.57409397046,0.0,1329.8663806631853,0.0,813.8454552099506,0.0,0,23.571996982189944,1660.1420731742344,75014.60779329696,1500,77.31590435490794,15
nondonor,15,95830.35515648866,0.0,1406.1120420123477,0.0,871.1406181722043,0.0,0,26.49349056657531,1865.8986927602325,74747.67702206117,1500,77.31590435490794,15
nondonor,16,95474.91349283191,0.0,1480.3312972666326,0.0,928.9938606691389,0.0,0,29.6206588892528,2086.14069034309,74470.4325244089,1500,77.31590435490794,15
nondonor,17,95107.53519343295,0.0,1551.6433372122624,0.0,986.8568043082915,0.0,0,32.95550531065124,2321.009159735865,74183.87745087771,1500,77.31590435490794,15
nondonor,18,94729.63794498752,0.0,1619.2119182152355,0.0,1044.145518558055,0.0,0,36.498064655348884,2570.5065535838567,73889.11759709028,1500,77.31590435490794,15
nondonor,19,94342.7248385438,0.0,1682.2826410159125,0.0,1100.2585497876312,0.0,0,40.246275589137475,2834.487695063539,73587.32537406418,1500,77.31590435490794,15
nondonor,20,93948.33323366557,0.0,1740.217717690954,0.0,1154.597783239767,0.0,0,44.19591771565213,3112.655347688071,73279.69992225917,1500,77.31590435490794,15
nondonor,21,93547.982312118,0.0,1792.5250957003495,0.0,1206.5909091774492,0.0,0,48.34062356205925,3404.5610594421723,72967.42620345205,1500,77.31590435490794,15
nondonor,22,93143.12327648784,0.0,1838.8791121904335,0.0,1255.7139532953295,0.0,0,52.671971212369904,3709.6116868140516,72651.63615566053,1500,77.31590435490794,15
nondonor,23,92735.09597880553,0.0,1879.1305874346447,0.0,1301.5121609689609,0.0,0,57.17965781907228,4027.081614971805,72333.37486346833,1500,77.31590435490794,15
nondonor,24,92325.09509436699,0.0,1913.3053543862572,0.0,1343.6175452618386,0.0,0,61.851748083789005,4356.130257901139,72013.57417360626,1500,77.31590435490794,15
nondonor,25,91914.14787402598,0.0,1941.5915038500168,0.0,1381.761641358502,0.0,0,66.67498573071724,4695.823995034799,71693.03534174028,1500,77.31590435490794,15
nondonor,26,91503.10418505386,0.0,1964.3168920521277,0.0,1415.7824396677718,0.0,0,71.63515076516751,5045.161332461082,71372.42126434203,1500,77.31590435490794,15
nondonor,27,91092.63820559128,0.0,1981.9194931042734,0.0,1445.625042722984,0.0,0,76.71744162014049,5403.099816961322,71052.25780036123,1500,77.31590435490794,15
nondonor,28,90683.25998920918,0.0,1994.9138108655206,0.0,1471.3362241392385,0.0,0,81.9068596610049,5768.583116125058,70732.94279158319,1500,77.31590435490794,15
nondonor,29,90275.33433217541,0.0,2003.8567057261944,0.0,1493.0536650808006,0.0,0,87.1885741582465,6140.566722859358,70414.76077909685,1500,77.31590435490794,15
nondonor,30,89869.10403953363,0.0,2009.3156572227324,0.0,1510.9911159626713,0.0,0,92.54824862193365,6518.040938659039,70097.90115083626,1500,77.31590435490794,15
nondonor,31,89464.71478456348,0.0,2011.8417807483447,0.0,1525.4210153632293,0.0,0,97.9723138705495,6900.050105454412,69782.47753195954,1500,77.31590435490794,15
nondonor,32,89062.23919724431,0.0,2011.9490119178458,0.0,1536.6561689636126,0.0,0,103.4481787062395,7285.707443168008,69468.54657385059,1500,77.31590435490794,15
nondonor,33,88661.69846221589,0.0,2010.0999445626942,0.0,1545.0319630632216,0.0,0,108.96437482221495,7674.205255335992,69156.12480052841,1500,77.31590435490794,15
nondonor,34,88263.08040929776,0.0,2006.6980085682894,0.0,1550.8903063267196,0.0,0,114.51063786130152,8064.820637945946,68845.20271925227,1500,77.31590435490794,15
nondonor,35,87866.35371901639,0.0,2002.0850971360028,0.0,1554.5661245951433,0.0,0,120.0779308295348,8456.917128422947,68535.7559008328,1500,77.31590435490794,15
nondonor,36,87471.47836473117,0.0,1996.5434319940232,0.0,1556.376844014903,0.0,0,125.65841902963896,8849.942940230283,68227.75312449032,1500,77.31590435490794,15
nondonor,37,87078.41274178118,0.0,1990.3003685452154,0.0,1556.6149438398463,0.0,0,131.24540724167304,9243.42653859211,67921.16193858933,1500,77.31590435490794,15
nondonor,38,86687.11810093303,0.0,1983.5349356843317,0.0,1555.5433797989144,0.0,0,136.83325017017268,9636.970333413585,67615.95211872777,1500,77.31590435490794,15
nondonor,39,86297.56094062043,0.0,1976.3851088600616,0.0,1553.3934889215411,0.0,0,142.41724646237202,10030.243215135624,67312.09753368395,1500,77.31590435490794,15
nondonor,40,85909.71396172096,0.0,1968.9550659875172,0.0,1550.3648861991812,0.0,0,147.99352520529322,10422.972560887076,67009.57689014236,1500,77.31590435490794,15
nondonor,41,85523.55608979319,0.0,1961.3219247177776,0.0,1546.6268389263525,0.0,0,153.55893205187786,10814.936214510823,66708.37375003869,1500,77.31590435490794,15
nondonor,42,85139.07195443443,0.0,1953.541675132974,0.0,1542.320636100802,0.0,0,159.11092028064536,11205.954814051162,66408.47612445886,1500,77.31590435490794,15
nondonor,43,84756.2511049661,0.0,1945.6541895747173,0.0,1537.5625368247902,0.0,0,164.64745036088186,11595.884718273532,66109.87586187356,1500,77.31590435490794,15
nondonor,44,84370.86564151665,0.0,1941.9088151092176,0.0,1532.446964672489,0.0,0,170.16690010182327,11984.611678599835,65809.275200383,1500,77.31590435490794,15
nondonor,45,83986.33459846136,0.0,1938.0580951426698,0.0,1527.8940014826594,0.0,0,175.6679862687867,12372.045318644545,65509.34098679986,1500,77.31590435490794,15
nondonor,46,82787.51200215853,815.0010323269255,1934.268040090025,0.0,1523.7383195910247,0.0,0,181.15272848166907,12758.32787735183,64394.95913457174,1500,77.31590435490794,15
nondonor,47,80907.95957697413,2312.011831556264,1926.9668572564256,2.989200770661289,1519.8901850826949,0.0,0,186.62255287703775,13143.559795482797,62599.73027313984,1500,77.31590435490794,15
nondonor,48,79035.62793988218,3803.500084086965,1913.9051228970905,10.903108085827855,1515.5685141769263,0.5978401541322578,0,192.0785634700365,13527.818827246852,60811.65157017937,1500,77.31590435490794,15
nondonor,49,77170.296950928,5289.435172011983,1896.4550872718498,22.78739854364424,1509.7426160362386,2.6251695773767767,0,197.52027139644997,13911.137334234467,59030.55832923025,1500,77.31590435490794,15
nondonor,50,75311.71862861431,6769.7729251122655,1875.742392131167,37.89216573463277,1501.9205293127566,6.509529554770445,0,202.94517250081745,14293.498657039287,57256.26783914187,1500,77.31590435490794,15
nondonor,51,73459.6174856233,8244.452618226416,1852.6950566959401,55.63403947355593,1491.961564817906,12.41885422855831,0,208.34986265865044,14674.870518275675,55488.580449759924,1500,77.31590435490794,15
nondonor,52,71613.68969126184,9713.393536705893,1828.0838397182029,75.56631309936817,1479.946711322135,20.36134371052486,0,213.73077288180053,15055.227791300229,53727.27984809275,1500,77.31590435490794,15
nondonor,53,69773.60180240705,11176.49101132835,1802.5549606293587,97.3555758570379,1466.0903430156668,30.253754189582814,0,219.0846415212145,15434.56791105174,51972.13314002308,1500,77.31590435490794,15
nondonor,54,67938.98972936199,12633.61188535448,1776.6560415485474,120.76358665950022,1450.6811102888914,41.96750424923947,0,224.4088078535344,15812.921334683817,50222.89126686013,1500,77.31590435490794,15
nondonor,55,66109.45864943421,14084.589457619792,1750.8559131666125,145.63329706228856,1434.043175109426,55.35933381659202,0,229.7013868757228,16190.35878691535,48479.29029984264,1500,77.31590435490794,15
nondonor,56,64284.584636459986,15529.218051570855,1725.5587435075174,171.8780436987666,1416.5113472129408,70.29130644513737,0,234.96136704873302,16566.99650405606,46741.0541698303,1500,77.31590435490794,15
nondonor,57,62463.91880482228,16967.247491762762,1701.11282644372,199.4729947671068,1398.4154213755742,86.64352129929301,0,240.18865930397342,16943.00028022529,45007.89937709495,1500,77.31590435490794,15
nondonor,58,60646.994754025785,18398.377924705874,1677.8143119514627,228.4479628705746,1380.0702884694074,104.32185495636266,0,245.38411557454336,17318.58878744598,43279.54217406707,1500,77.31590435490794,15
nondonor,59,58833.340020373456,19822.255592827587,1655.906183213499,258.8807021747487,1361.7693281932593,123.26228070111664,0,250.54952750982548,17694.036365006497,41555.70860526026,1500,77.31590435490794,15
nondonor,60,57022.4920607543,21238.470341758093,1635.5729061899558,290.88981280929295,1343.7792913939254,143.43273974149307,0,255.68761022103106,18069.675237131898,39836.147600802586,1500,77.31590435490794,15
nondonor,61,55214.01897023976,22646.555781768067,1616.931415466506,324.62641023745783,1326.3354245256,164.8331135062354,0,260.80197144601675,18445.896912810345,38120.6470304045,1500,77.31590435490794,15
nondonor,62,53407.54463888163,24045.993088883522,1600.0194637313366,360.2638210745101,1309.6360414162923,187.49353691959314,0,265.8970631560629,18823.152345937044,36409.05222119708,1500,77.31590435490794,15
nondonor,63,51602.77738011451,25436.219363877684,1584.7828297521894,397.9847818654481,1293.8361567830082,211.47108333294227,0,270.9781102600089,19201.9502940142,34701.285938085,1500,77.31590435490794,15
nondonor,64,49799.540258307046,26816.641211829803,1571.0633856092124,437.9659775402413,1279.040193772715,236.84473922863216,0,276.0510097392306,19582.85322397311,32997.36826920895,1500,77.31590435490794,15
nondonor,65,47997.80051526022,28186.65372380617,1558.590451534192,480.36027005582525,1265.2941748092956,263.70857515106684,0,281.1221934251506,19966.470095958066,31297.434346704278,1500,77.31590435490794,15
nondonor,66,46197.69481768122,29545.664340336214,1546.9780588063538,525.2775995146159,1252.5781857532825,292.16311340774683,0,286.198448910691,20353.44543558986,29601.747497177403,1500,77.31590435490794,15
nondonor,67,44399.546730546164,30893.12022157063,1535.7305341801396,572.7661983772764,1240.8002249055542,322.30508940178964,0,291.28669592409716,20744.444305094334,27910.70540239391,1500,77.31590435490794,15
nondonor,68,42603.87305923089,32228.536878776966,1524.2580986593816,622.7963014954818,1229.7927460735489,354.21608110373205,0,296.3937198824404,21140.133114777535,26224.83727213106,1500,77.31590435490794,15
nondonor,69,40811.37660406603,33551.52512627105,1511.9029340923726,675.2487937022997,1219.3132077847065,387.95079604702045,0,301.52587000304135,21541.156668033458,24544.790919802726,1500,77.31590435490794,15
nondonor,70,39022.92439406154,34861.81309248036,1497.9745572783813,729.9110687525279,1209.0496949951043,423.52609117306383,0,306.6887356601083,21948.112365598885,22871.309901173972,1500,77.31590435490794,15
nondonor,71,37239.51239977642,36159.26023666336,1481.7916401078326,786.481710819026,1198.632174157086,460.9119798858841,0,311.8868206800177,22361.523037910356,21205.202320779736,1500,77.31590435490794,15
nondonor,72,35462.2197169871,37443.86110530928,1462.7259948755823,844.5845000092957,1187.649226403034,500.02588128714973,0,317.1232398229004,22781.810335305632,19547.30424259076,1500,77.31590435490794,15
nondonor,73,33692.15685415984,38715.73784836466,1440.243658727728,903.7908569520605,1175.6692872361484,540.7311450681708,0,322.39946368303305,23209.270885808342,17898.44156601722,1500,77.31590435490794,15
nondonor,74,31930.413688259665,39975.1220910902,1413.9380928823548,963.648442836112,1162.2646570414731,582.8404435516533,0,327.71513684616093,23644.057447492367,16259.394523690804,1500,77.31590435490794,15
nondonor,75,30178.012660864544,41222.328325634,1383.5515017010068,1023.7125197250884,1147.03599490594,626.1240139877963,0,333.06798910936453,24086.166994072246,14630.868538319337,1500,77.31590435490794,15
nondonor,76,28435.871858462,42457.72222927261,1348.9820037633478,1083.5761121414635,1129.6347957923092,670.3220595062031,0,338.4538513232884,24535.437089738763,13013.47411982242,1500,77.31590435490794,15
nondonor,77,26704.7809535165,43681.687972240536,1310.2765079561786,1142.8951467452455,1109.7815385558729,715.1600026565102,0,343.86677704143193,24991.551101287714,11407.717013945616,1500,77.31590435490794,15
nondonor,78,24985.390932184953,44894.598511436976,1267.6112276964907,1201.4055781997586,1087.2777558459973,760.3648557244035,0,349.2992602142686,25454.051878697144,9813.998241887903,1500,77.31590435490794,15
nondonor,79,23278.2165259102,46096.79210714912,1221.2633884319441,1258.9308668476563,1062.0111120088231,805.6808187080609,0,354.7425293715239,25922.362651572654,8232.622318474772,1500,77.31590435490794,15
nondonor,80,21583.648684855078,47288.557039058855,1171.5785518006796,1315.3797615683925,1033.9535204650297,850.8823733526583,0,360.18689162867344,26395.813177270622,6663.81105241644,1500,77.31590435490794,15
nondonor,81,19901.97353549132,48470.12503384203,1118.9379908043002,1370.7358144715454,1003.1532086427273,895.7835763149817,0,365.6220964591033,26873.668743973984,5107.720032498704,1500,77.31590435490794,15
nondonor,82,18233.39412131133,49641.67257081912,1063.729806823431,1425.0411146001416,969.7222925755057,940.2428724063662,0,371.03768980603957,27355.159531658053,3564.4551548051177,1500,77.31590435490794,15
nondonor,83,16578.051723175064,50803.328259788934,1006.326243595009,1478.3772027103032,933.8217609009064,984.1634204126783,0,376.4233333404079,27839.508056076687,2034.0871932444438,1500,77.31590435490794,15
nondonor,84,14936.044459946392,51955.18401560154,947.0682581046781,1530.8460063556379,895.6457719073069,1027.489518326724,0,381.7690704751456,28325.952899282565,516.6632425713178,1500,77.31590435490794,15
nondonor,85,14295.227246421831,52109.52243714447,886.2571589845421,1582.553044565339,855.4068911534899,1070.2001322036963,0,387.06552876880596,28813.767560757813,0.0,1500,77.31590435490794,15
nondonor,86,14171.533650425166,51748.80824324971,832.6993231842991,1626.7566295470308,813.3234419897319,1112.3007252184143,0,392.30405622785224,29302.273930157782,0.0,1500,77.31590435490794,15
nondonor,87,14048.328587714917,51388.891507513836,789.3645212576881,1661.3220393735023,771.3190428660046,1152.4470221745669,0,397.4767956492312,29790.850483450246,0.0,1500,77.31590435490794,15
nondonor,88,13925.653502254208,51029.8944001752,754.1667024668595,1688.0547388374357,731.4180313362699,1189.2124890934865,0,402.58007210371966,30279.02006373281,0.0,1500,77.31590435490794,15
nondonor,89,13803.562169237755,50671.976097526196,725.4246949899402,1708.362093718951,694.7084744147088,1221.8974625325127,0,407.6145878647236,30766.4544197152,0.0,1500,77.31590435490794,15
nondonor,90,13682.111026297387,50315.30472028958,701.7908989323204,1723.3610522117756,661.6632134880214,1250.2631529083415,0,412.58353381777596,31252.922402054784,0.0,1500,77.31590435490794,15
nondonor,91,13561.353366673604,49960.040335745325,682.1903787696402,1733.9532263136794,632.3643287040219,1274.3553883134687,0,417.4913145245565,31738.251660955695,0.0,1500,77.31590435490794,15
nondonor,92,13441.336411519393,49606.32626262264,665.769258169922,1740.8766541736263,606.6578669349517,1294.388568458748,0,422.3427220243064,32222.3022560964,0.0,1500,77.31590435490794,15
nondonor,93,13322.100279771274,49254.285883737626,651.851538284057,1744.7417022239147,584.2585749081452,1310.6697264549657,0,427.1424300009817,32704.949864619022,0.0,1500,77.31590435490794,15
nondonor,94,13203.67808114149,48904.022744815076,639.9034292570288,1746.0565007016828,564.8191413727591,1323.5492423394307,0,431.8947100916989,33186.076150280824,0.0,1500,77.31590435490794,15
nondonor,95,13086.096593552573,48555.622384971066,629.5042309945414,1745.2455604053534,547.9745511847757,1333.3892812515137,0,436.6032969199536,33665.564100720214,0.0,1500,77.31590435490794,15
nondonor,96,12969.377182239277,48209.15490353635,620.3227961089282,1742.6639297589988,533.3692427143956,1340.5440477268837,0,441.2713484156087,34143.296549499544,0.0,1500,77.31590435490794,15
nondonor,97,12853.536759092574,47864.67767382214,612.0986600338458,1738.6083735214106,520.672594411783,1345.3479344010332,0,445.90146362524376,34619.15654109196,0.0,1500,77.31590435490794,15
nondonor,98,12738.588674501048,47522.23788491006,604.6270126186031,1733.3264877292086,509.5866664854269,1348.1089452455462,0,450.4957321087997,35093.028596401295,0.0,1500,77.31590435490794,15
nondonor,99,12624.543492344117,47181.87476214509,597.746792251813,1727.0243129483356,499.8489518556192,1349.1056281409774,0,455.05579780468736,35564.80026250935,0.0,1500,77.31590435490794,15
nondonor,100,12511.409633266305,46843.62141786506,591.331292879263,1719.872794638693,491.2320405606825,1348.5863166190165,0,459.5829265566034,36034.363577614364,0.0,1500,77.31590435490794,15
nondonor,101,12399.193890446193,46507.506340324115,585.2807771235221,1712.0133132519015,483.5414916163705,1346.769858102473,0,464.07807089969555,36501.616258235714,0.0,1500,77.31590435490794,15
nondonor,102,12287.901831602987,46173.554557457566,579.5166805420249,1703.562433468072,476.6127731757213,1343.8472614367984,0,468.5419286824074,36966.46253363441,0.0,1500,77.31590435490794,15
nondonor,103,12177.538104760071,45841.788524012234,573.977071276535,1694.6159802197892,470.30782811413957,1339.9838718254032,0,472.9749940415968,37428.81362575021,0.0,1500,77.31590435490794,15
nondonor,104,12068.106665730276,45512.22878261122,568.6130960510224,1685.252525576847,464.51161216270003,1335.3218032946093,0,477.3776004546318,37888.587914118674,0.0,1500,77.31590435490794,15
nondonor,105,11959.610943928026,45184.89444595869,563.3861986430672,1675.5363571140088,459.1288088982666,1329.982444827208,0,481.74995629158065,38345.71084433913,0.0,1500,77.31590435490794,15
nondonor,106,11852.053960902458,44859.803541398556,558.265941940022,1665.5199902513423,454.0808307372755,1324.0689175718653,0,486.0921736515925,38800.11464354687,0.0,1500,77.31590435490794,15
nondonor,107,11745.4384135058,44536.9732521373,553.2283009486745,1655.2462814623298,449.3031533159351,1317.6684044675317,0,490.40429141104465,39251.73790275137,0.0,1500,77.31590435490794,15
nondonor,108,11639.76673120392,44216.42008264296,548.2543230608222,1644.7501946642026,444.74299196393105,1310.8543051704778,0,494.6862934217862,39700.525077871884,0.0,1500,77.31590435490794,15
nondonor,109,11535.041114882517,43898.1599695933,543.3290747700607,1634.0602687810258,440.35730600662396,1303.688191714556,0,498.93812273363,40146.42595151827,0.0,1500,77.31590435490794,15
nondonor,110,11431.263562681499,43582.20835451702,538.4408120170654,1623.199830101102,436.11110412747763,1296.221556233232,0,503.1596926142707,40589.39508770832,0.0,1500,77.31590435490794,15
nondonor,111,11328.435886914904,43268.580230011125,533.5803253802479,1612.1879885867784,431.97601832156414,1288.4973530196894,0,507.35089502614795,41029.39130273953,0.0,1500,77.31590435490794,15
nondonor,112,11226.55972498091,42957.290168070045,528.7404222381907,1601.0404528104982,427.92911253978144,1280.5513444492665,0,511.5116071078311,41466.37716780346,0.0,1500,77.31590435490794,15
nondonor,113,11125.63654629308,42648.35233651474,523.9155164783833,1589.7701938037014,423.95189324109424,1272.4132647811298,0,515.6416961050985,41900.31855278275,0.0,1500,77.31590435490794,15
nondonor,114,11025.667656620804,42341.780507626165,519.1013028549827,1578.3879839315437,420.0294915908219,1264.1078183193406,0,519.7410231075997,42331.18421594873,0.0,1500,77.31590435490794,15
nondonor,115,10926.65420076605,42037.58806173207,514.2944981387404,1566.902833039324,416.1499902230158,1255.6555294103873,0,523.8094458717355,42758.94544081866,0.0,1500,77.31590435490794,15
nondonor,116,10828.597164181538,41735.78798754615,509.4926350955046,1555.3223406173836,412.30387085768035,1247.0734617221347,0,527.846820948578,43183.57571903102,0.0,1500,77.31590435490794,15
nondonor,117,10731.497373916558,41436.39288040971,504.6938983413828,1543.652979630348,408.4835623501634,1238.3758235254388,0,531.85300528588,43605.050476540506,0.0,1500,77.31590435490794,15
nondonor,118,10635.355499131681,41139.41493915591,499.8969934579833,1531.9003249580742,404.6830717962346,1229.5744745413506,0,535.8278574337812,44023.346839524966,0.0,1500,77.31590435490794,15
nondonor,119,10540.172051330374,40844.86596203843,495.10104256769534,1520.069237083941,400.8976840485587,1220.6793485158178,0,539.7712384529665,44438.4434359622,0.0,1500,77.31590435490794,15
nondonor,120,10445.947384397485,40552.757341993216,490.305500987045,1508.1640097123664,397.12371739520677,1211.698804179665,0,543.6830126001512,44850.320228734854,0.0,1500,77.31590435490794,15
nondonor,121,10352.68169449969,40263.100061397825,485.51009068743133,1496.1884883652833,393.3583252153108,1202.6399157424303,0,547.5630478474332,45258.95837624459,0.0,1500,77.31590435490794,15
nondonor,122,10260.375019882886,39975.904686432834,480.7147471667492,1484.1461656572162,389.5993351843392,1193.5087126199705,0,551.4112162780762,45664.340116777916,0.0,1500,77.31590435490794,15
nondonor,123,10169.027240590643,39691.181361117524,475.9195770256419,1472.0402578410826,385.84511908307263,1184.310376748527,0,555.2273943906837,46066.44867320281,0.0,1500,77.31590435490794,15
nondonor,124,10078.638078122201,39408.93980107575,471.12482408895596,1459.8737663146376,382.09448750411036,1175.0494046146537,0,559.0114633357075,46465.268174943965,0.0,1500,77.31590435490794,15
nondonor,125,9989.2070950459,39129.18928708078,466.3308423474652,1447.6495270466796,378.3466047809726,1165.729740040338,0,562.7633091021947,46860.78359455565,0.0,1500,77.31590435490794,15
nondonor,126,9900.73369458285,38851.93865842519,461.53807434102276,1435.3702502929307,374.60092031857647,1156.3548828059306,0,566.4828226681267,47252.980696565355,0.0,1500,77.31590435490794,15
nondonor,127,9813.217120175139,38577.19630616139,456.7470338805291,1423.0385524981398,370.8571132078948,1146.9279773642481,0,570.1699001242832,47641.84599658835,0.0,1500,77.31590435490794,15
nondonor,128,9726.656455052658,38304.97016625817,451.95829222690384,1410.6569819017311,367.1150475863643,1137.4518851879093,0,573.8244427789903,48027.366729007255,0.0,1500,77.31590435490794,15
nondonor,129,9641.050621812245,38035.26771271849,447.17246702193637,1398.2280390610747,363.3747366801254,1127.9292436872238,0,577.4463572491732,48409.530821769724,0.0,1500,77.31590435490794,15
nondonor,130,9556.39838202242,37768.095950703035,442.3902134073726,1385.7541932643112,359.63631385236175,1118.3625141255975,0,581.0355555416767,48788.326877083215,0.0,1500,77.31590435490794,15
nondonor,131,9472.698335866391,37503.461409703064,437.612216881928,1373.2378956114203,355.90000929895217,1108.7540205315154,0,584.5919551277159,49163.744156979,0.0,1500,77.31590435490794,15
nondonor,132,9389.948921835223,37241.37013680414,432.8391875367109,1360.6815893880637,352.16613129099346,1099.1059812493136,0,588.1154790124922,49535.772572883056,0.0,1500,77.31590435490794,15
nondonor,133,9308.148416482332,36981.82769008086,428.071855382259,1348.0877182337258,348.435051074012,1089.4205344747897,0,591.6060558013846,49904.40267847062,0.0,1500,77.31590435490794,15
nondonor,134,9227.29493424951,36724.83913216036,423.31096653862863,1335.45873250748,344.70719070457636,1079.699758876854,0,595.06361976366,50269.62566519892,0.0,1500,77.31590435490794,15
nondonor,135,9147.386427373836,36470.40902399008,418.55728010657674,1322.7970941762665,340.98301324374165,1069.945690204736,0,598.4881108942914,50631.43336001046,0.0,1500,77.31590435490794,15
nondonor,136,9068.420685883937,36218.54141884323,413.81156557516096,1310.1052804878625,337.2630148392292,1060.1603346145928,0,601.8794749742135,50989.81822478176,0.0,1500,77.31590435490794,15
nondonor,137,8990.39533769318,35969.23985659299,409.0746006508857,1297.385786640532,333.54771831933465,1050.3456793136374,0,605.2376636291508,51344.77335716028,0.0,1500,77.31590435490794,15
nondonor,138,8913.307848796558,35722.507358284274,404.34716941733245,1284.6411276211438,329.8376679952512,1040.503701008934,0,608.5626343870097,51696.29249248949,0.0,1500,77.31590435490794,15
nondonor,139,8837.155523577203,35478.346421029884,399.6300607532212,1271.8738393513074,326.1334254280553,1030.636372557462,0,611.854350733727,52044.37000656914,0.0,1500,77.31590435490794,15
nondonor,140,8761.935505227764,35236.75901325573,394.9240669520156,1259.0864792552027,322.4355659646919,1020.7456681402647,0,615.112782167394,52389.00091903693,0.0,1500,77.31590435490794,15
nondonor,141,8687.644776291103,34997.746570317904,390.2299824982732,1246.2816263419893,318.7446758860883,1010.8335672234599,0,618.337904250426,52730.18089719075,0.0,1500,77.31590435490794,15
nondonor,142,8614.280159324151,34761.30999051253,385.5486029655716,1233.4618808789655,315.06135004179106,1000.9020575200904,0,621.5296986595183,53067.90626009738,0.0,1500,77.31590435490794,15
nondonor,143,8541.8383176881,34527.449631497504,380.880724008509,1220.6298637181947,311.38618987068975,990.9531371271571,0,624.6881532331103,53402.17398285673,0.0,1500,77.31590435490794,15
nondonor,144,8470.315756467537,34296.16530714358,376.227140427371,1207.7882153284822,307.71980172764796,980.9888159800216,0,627.8132620160737,53732.98170090929,0.0,1500,77.31590435490794,15
nondonor,145,8399.70882352053,34067.4562848305,371.5886452889033,1194.9395945758638,304.0627954521359,971.0111167402807,0,630.9050253013405,54060.32771429045,0.0,1500,77.31590435490794,15
nondonor,146,8330.01371066118,33841.32128320247,366.96602909047283,1182.086677288721,300.4157831280344,961.0220752120781,0,633.9634496681896,54384.210991748856,0.0,1500,77.31590435490794,15
nondonor,147,8261.226454975606,33617.75847039548,362.36007895795234,1169.2321546379717,296.7793779942697,951.0237403646934,0,636.9885480169262,54704.63117465711,0.0,1500,77.31590435490794,15
nondonor,148,8193.34294027189,33396.76546274765,357.77157787007695,1156.378731358201,293.1541934743494,941.0181740253767,0,639.980339599696,55021.588580652766,0.0,1500,77.31590435490794,15
nondonor,149,8126.35889866402,33178.33932400231,353.20130390393194,1143.5291238319012,289.5408422996069,931.00745029517,0,642.9388500471932,55335.08420695587,0.0,1500,77.31590435490794,15
nondonor,150,8060.269912289427,32962.47656501182,348.65002949773833,1130.6860580560046,285.93993570635104,920.9936547313657,0,645.8641113910383,55645.119733316256,0.0,1500,77.31590435490794,15
nondonor,151,7995.071415159327,32749.17314394914,344.1185207282904,1117.8522675074837,282.3520826914332,910.9788833328971,0,648.7561620816172,55951.69752454982,0.0,1500,77.31590435490794,15
nondonor,152,7930.758695140629,32538.424467032295,339.6075366013303,1105.030490922834,278.7778893141809,900.9652413590057,0,651.6150470011935,56254.820632628536,0.0,1500,77.31590435490794,15
nondonor,153,7867.32689606782,32330.22538976588,335.11782835387345,1092.2234700046797,275.2179580353978,890.9548420067098,0,654.4408174721215,56554.49279829352,0.0,1500,77.31590435490794,15
nondonor,154,7804.771019982854,32124.57021870217,330.6501387680646,1079.4339470674558,271.67288708631617,880.9498049687052,0,657.2335312600071,56850.71845216443,0.0,1500,77.31590435490794,15
nondonor,155,7743.085929500724,31921.452713723065,326.20520149658205,1066.6646626330714,268.1432698621268,870.9522548901707,0,659.9932525716833,57143.50271532258,0.0,1500,77.31590435490794,15
nondonor,156,7682.2663502980495,31720.866090842916,321.78374039993986,1053.9183529866075,264.6296943360952,860.9643197403963,0,662.7200520478817,57432.851399348125,0.0,1500,77.31590435490794,15
nondonor,157,7622.30687372171,31522.803025530808,317.3864688962915,1041.1977477013925,261.13274249136504,850.9881291130827,0,665.4140067505024,57718.77100579486,0.0,1500,77.31590435490794,15
nondonor,158,7563.201959514222,31327.255656549707,313.0140893245215,1028.5055671422147,257.65298976841245,841.0258124674756,0,668.0752001444018,58001.26872508905,0.0,1500,77.31590435490794,15
nondonor,159,7504.945938652293,31134.215590308537,308.6672923215462,1015.8445199549395,254.1910045267981,831.0794973211331,0,670.7037220736339,58280.35243484113,0.0,1500,77.31590435490794,15
nondonor,160,7447.533016294697,30943.673905722113,304.3467562148335,1003.2173005503751,250.74734752039106,821.1513074040092,0,673.2996687320981,58556.030697561495,0.0,1500,77.31590435490794,15
nondonor,161,7390.957274835357,30755.621159572544,300.05314643120664,990.6265865898695,247.32257138565427,811.2433607826222,0,675.8631426285646,58828.31275777419,0.0,1500,77.31590435490794,15
nondonor,162,7335.212677057294,30570.04739236464,295.7871149230277,978.0750364798005,243.9172201429,801.3577679623239,0,678.3942525460628,59097.20853852396,0.0,1500,77.31590435490794,15
nondonor,163,7280.2930693828575,30386.942134666657,291.5492996128587,965.5652868818222,240.53182871066454,791.4966299750646,0,680.893113495636,59362.72863727445,0.0,1500,77.31590435490794,15
nondonor,164,7226.1921852154555,30206.294413926644,287.34032385768904,953.0999502454699,237.16692243353478,781.6620364595228,0,683.3598466644779,59624.88432119722,0.0,1500,77.31590435490794,15
nondonor,165,7172.90364836782,30028.092761753553,283.16079593378737,940.681612369465,233.82301662388994,771.8560637400305,0,685.7945793584863,59883.687521852975,0.0,1500,77.31590435490794,15
nondonor,166,7120.420976571651,29852.32522165131,279.0113085431989,928.3128299978162,230.50061611811577,762.0807729103424,0,688.19744493928,60139.15082926829,0.0,1500,77.31590435490794,15
nondonor,167,7068.737585063352,29678.97935719299,274.8924383428589,915.9961284565716,227.20021484790948,752.3382079279647,0,690.5685827557412,60391.28748541262,0.0,1500,77.31590435490794,15
nondonor,168,7017.846790240404,29508.04226062141,270.8047454972352,903.7339993368381,223.92229542732878,742.6303937244695,0,692.9081380701583,60640.11137708217,0.0,1500,77.31590435490794,15
nondonor,169,6967.741813382842,29339.50056186144,266.7487732553488,891.5288982294355,220.66732875625445,732.9593343369459,0,695.2162619790593,60885.63702819868,0.0,1500,77.31590435490794,15
nondonor,170,6918.415784434169,29173.340437928677,262.72504755295233,879.3832425163125,217.435773640933,723.3270110654967,0,697.4931113288358,61127.879591532634,0.0,1500,77.31590435490794,15
nondonor,171,6869.861745835958,29009.54762271813,258.7340766405728,867.2994092235961,214.22807643225184,713.7353806614551,0,699.7388486262732,61366.85483986177,0.0,1500,77.31590435490794,15
nondonor,172,6822.072656410369,28848.10741715612,254.77635073804694,855.2797329408891,211.0446706823727,704.1863735507707,0,701.9536419441129,61602.57915657733,0.0,1500,77.31590435490794,15
nondonor,173,6775.0413952847075,28689.004699697667,250.85234171609864,843.3265038111664,207.88597682031488,694.6818920967953,0,704.1376648217812,61835.06952575148,0.0,1500,77.31590435490794,15
nondonor,174,6728.760765852159,28532.22393715125,246.9625028054267,831.4419655953482,204.75240184703767,685.2238089064894,0,706.2910961614372,62064.343521680865,0.0,1500,77.31590435490794,15
nondonor,175,6683.223499762812,28377.74919581218,243.107268333688,819.6283138153501,201.64433905052408,675.813965183846,0,708.4141201194931,62290.41929792212,0.0,1500,77.31590435490794,15
nondonor,176,6638.4222609390845,28225.56415288533,239.28705349067747,807.8876939791287,198.5621677413168,666.454169134126,0,710.5069259937774,62513.31557583657,0.0,1500,77.31590435490794,15
nondonor,177,6594.349649609703,28075.65210817769,235.50225412192341,796.2221998909455,195.50625300890124,657.1461944222705,0,712.5697081065158,62733.051632662064,0.0,1500,77.31590435490794,15
nondonor,178,6550.998206356408,27927.99599604066,231.7532465508336,784.6338720497829,192.47694549927357,647.8917786886452,0,714.6026656833153,62949.64728913109,0.0,1500,77.31590435490794,15
nondonor,179,6508.360416167631,27782.578397541944,228.0403874294438,773.1246961385425,189.47458121397153,638.6926221250462,0,716.606002728343,63163.122896655084,0.0,1500,77.31590435490794,15
nondonor,180,6466.428712493446,27639.381552846422,224.3640136177404,761.6966016063565,186.49948133078587,629.5503861136716,0,718.5799278958988,63373.49932409569,0.0,1500,77.31590435490794,15
